{"cameraMode":{"drawMode":0,"name":"Shaded","section":"Shading Mode"},"sceneLighting":false,"audioPlay":false,"sceneViewState":{"showFog":true,"showMaterialUpdate":true,"showSkybox":false,"showFlares":true,"showImageEffects":true,"showParticleSystems":true},"in2DMode":false,"pivot":{"x":-1.349179744720459,"y":-16.83297348022461,"z":8.08563232421875},"rotation":{"x":0.5985854864120483,"y":0.03889112547039986,"z":-0.029116101562976838,"w":0.7996156215667725},"size":11.883366584777832,"orthographic":false}