{"cameraMode":{"drawMode":0,"name":"Shaded","section":"Shading Mode"},"sceneLighting":false,"audioPlay":false,"sceneViewState":{"showFog":true,"showMaterialUpdate":true,"showSkybox":false,"showFlares":true,"showImageEffects":true,"showParticleSystems":true},"in2DMode":false,"pivot":{"x":-10.460000038146973,"y":12.5,"z":117.59518432617188},"rotation":{"x":0.7267664670944214,"y":-0.0006198749761097133,"z":0.0006529842503368855,"w":0.6868896484375},"size":0.7917031645774841,"orthographic":false}