{"cameraMode":{"drawMode":0,"name":"Shaded","section":"Shading Mode"},"sceneLighting":false,"audioPlay":false,"sceneViewState":{"showFog":true,"showMaterialUpdate":true,"showSkybox":false,"showFlares":true,"showImageEffects":true,"showParticleSystems":true},"in2DMode":false,"pivot":{"x":-6.0,"y":2.280409336090088,"z":-2.2219932079315187},"rotation":{"x":0.7062218189239502,"y":-0.00806188303977251,"z":0.008062074892222882,"w":0.7079169750213623},"size":10.349227905273438,"orthographic":false}