{"cameraMode":{"drawMode":0,"name":"Shaded","section":"Shading Mode"},"sceneLighting":true,"audioPlay":false,"sceneViewState":{"showFog":true,"showMaterialUpdate":true,"showSkybox":true,"showFlares":true,"showImageEffects":true,"showParticleSystems":true},"in2DMode":false,"pivot":{"x":541.8651123046875,"y":1060.6884765625,"z":172.84510803222657},"rotation":{"x":0.010208974592387677,"y":0.010209868662059307,"z":-0.00010472936264704913,"w":0.9998982548713684},"size":187.8462371826172,"orthographic":false}