{"cameraMode":{"drawMode":0,"name":"Shaded","section":"Shading Mode"},"sceneLighting":false,"audioPlay":false,"sceneViewState":{"showFog":true,"showMaterialUpdate":true,"showSkybox":false,"showFlares":true,"showImageEffects":true,"showParticleSystems":true},"in2DMode":false,"pivot":{"x":-6.0,"y":2.280409336090088,"z":-2.2219932079315187},"rotation":{"x":0.3715355694293976,"y":-0.01336680632084608,"z":0.0053588831797242168,"w":0.9283196926116943},"size":10.349227905273438,"orthographic":false}